title,company,location,link
Data Scientist - Corporate Technology,"JPMorgan Chase Bank, N.A.","Plano, TX",https://stackoverflow.com//jobs/561390/data-scientist-corporate-technology-jpmorgan-chase-bank-na
Software Engineer,Intel Corporation,"George Town, Malaysia",https://stackoverflow.com//jobs/552552/software-engineer-intel-corporation
Software Engineer - Machine Learning,Shopee Singapore Private Limited,Singapore,https://stackoverflow.com//jobs/533808/software-engineer-machine-learning-shopee-singapore-private
Data Engineer (m/w/d),"Blume2000
                        via
Computer Futures Solutions GmbH","Norderstedt, Deutschland",https://stackoverflow.com//jobs/525350/data-engineer-m-w-d-blume2000
Senior Software Engineer (Java/Python - Data Insights),ComplyAdvantage,"London, UK",https://stackoverflow.com//jobs/528607/senior-software-engineer-java-python-data-complyadvantage
Process Development Engineer,Intel Corporation,"Albuquerque, NM",https://stackoverflow.com//jobs/552548/process-development-engineer-intel-corporation
(Senior) Consultant (m/w/d) Data Management,Deloitte Deutschland,"Düsseldorf, Deutschland",https://stackoverflow.com//jobs/535279/senior-consultant-m-w-d-data-management-deloitte-deutschland
Analytics Engineer,Slido,"Bratislava, Slovakia",https://stackoverflow.com//jobs/555451/analytics-engineer-slido
Data Scientist Manager,Azendian Solutions Pte. Ltd.,Singapore,https://stackoverflow.com//jobs/533979/data-scientist-manager-azendian-solutions-pte-ltd
Full Stack Data Scientist/Software Engineer/ML Engineer,"JPMorgan Chase Bank, N.A.","London, UK",https://stackoverflow.com//jobs/558584/full-stack-data-scientist-software-engineer-ml-jpmorgan-chase-bank-na
Python Backend Developer (m/f/d) - Industrial Data Science and Software,Smart Steel Technologies GmbH,"Berlin, Germany",https://stackoverflow.com//jobs/334428/python-backend-developer-m-f-d-industrial-smart-steel-technologies-gmbh
Senior Data Engineer (Data Warehouse),NFQ Technologies,"Vilnius, Lithuania",https://stackoverflow.com//jobs/555971/senior-data-engineer-data-warehouse-nfq-technologies
Applied Data Scientist and Software Developer (m/w/d),Plansee SE,"Gemeinde Reutte, Österreich",https://stackoverflow.com//jobs/557763/applied-data-scientist-and-software-developer-m-plansee-se
Data Scientist,Skillhouse Staffing Solutions,"Tokyo, Japan",https://stackoverflow.com//jobs/556017/data-scientist-skillhouse-staffing-solutions
Business Intelligence and Data Science - Lead Software Engineer,Lumen,"Broomfield, CO",https://stackoverflow.com//jobs/557530/business-intelligence-and-data-science-lead-lumen
"Senior Backend Developer (m/f/d) - remote, fulltime, long-term",Data Virtuality GmbH,No office location,https://stackoverflow.com//jobs/555598/senior-backend-developer-m-f-d-remote-data-virtuality-gmbh
Machine Learning Engineer (m/f/d) - Industrial Data Science and Software,Smart Steel Technologies GmbH,"Berlin, Germany",https://stackoverflow.com//jobs/273378/machine-learning-engineer-m-f-d-industrial-smart-steel-technologies-gmbh
Senior Data Scientist,Tessian,"London, UK",https://stackoverflow.com//jobs/547935/senior-data-scientist-tessian
Lead Data Scientist,Tessian,"London, UK",https://stackoverflow.com//jobs/547937/lead-data-scientist-tessian
"Marketing Analytics, Data Scientist","JPMorgan Chase Bank, N.A.","Plano, TX",https://stackoverflow.com//jobs/561532/marketing-analytics-data-scientist-jpmorgan-chase-bank-na
"VP, Data Scientist Lead - Card Strategic Insights","JPMorgan Chase Bank, N.A.","Wilmington, DE",https://stackoverflow.com//jobs/561335/vp-data-scientist-lead-card-strategic-insights-jpmorgan-chase-bank-na
Senior Data Scientist / Data Engineer,F-Secure,"Poznań, Poland",https://stackoverflow.com//jobs/538605/senior-data-scientist-data-engineer-f-secure
Senior Data Scientist,Just eat Takeaway.com,"Amsterdam, Netherlands",https://stackoverflow.com//jobs/560613/senior-data-scientist-just-eat-takeawaycom
"VP, Data Scientist Lead - Applied AI","JPMorgan Chase Bank, N.A.","Jersey City, NJ",https://stackoverflow.com//jobs/561360/vp-data-scientist-lead-applied-ai-jpmorgan-chase-bank-na
"VP, Data Scientist Lead","JPMorgan Chase Bank, N.A.","Columbus, OH",https://stackoverflow.com//jobs/560307/vp-data-scientist-lead-jpmorgan-chase-bank-na
"VP, Data Scientist Lead","JPMorgan Chase Bank, N.A.","Columbus, OH",https://stackoverflow.com//jobs/560307/vp-data-scientist-lead-jpmorgan-chase-bank-na
Software Engineer,Intel Corporation,"George Town, Malaysia",https://stackoverflow.com//jobs/552552/software-engineer-intel-corporation
Software Engineer - Machine Learning,Shopee Singapore Private Limited,Singapore,https://stackoverflow.com//jobs/533808/software-engineer-machine-learning-shopee-singapore-private
Senior Software Engineer (Java/Python - Data Insights),ComplyAdvantage,"London, UK",https://stackoverflow.com//jobs/528607/senior-software-engineer-java-python-data-complyadvantage
Process Development Engineer,Intel Corporation,"Albuquerque, NM",https://stackoverflow.com//jobs/552548/process-development-engineer-intel-corporation
(Senior) Consultant (m/w/d) Data Management,Deloitte Deutschland,"Düsseldorf, Deutschland",https://stackoverflow.com//jobs/535279/senior-consultant-m-w-d-data-management-deloitte-deutschland
Analytics Engineer,Slido,"Bratislava, Slovakia",https://stackoverflow.com//jobs/555451/analytics-engineer-slido
Data Engineer (m/w/d),"Blume2000
                        via
Computer Futures Solutions GmbH","Norderstedt, Deutschland",https://stackoverflow.com//jobs/525350/data-engineer-m-w-d-blume2000
Data Scientist Manager,Azendian Solutions Pte. Ltd.,Singapore,https://stackoverflow.com//jobs/533979/data-scientist-manager-azendian-solutions-pte-ltd
Full Stack Data Scientist/Software Engineer/ML Engineer,"JPMorgan Chase Bank, N.A.","London, UK",https://stackoverflow.com//jobs/558584/full-stack-data-scientist-software-engineer-ml-jpmorgan-chase-bank-na
Python Backend Developer (m/f/d) - Industrial Data Science and Software,Smart Steel Technologies GmbH,"Berlin, Germany",https://stackoverflow.com//jobs/334428/python-backend-developer-m-f-d-industrial-smart-steel-technologies-gmbh
Senior Data Engineer (Data Warehouse),NFQ Technologies,"Vilnius, Lithuania",https://stackoverflow.com//jobs/555971/senior-data-engineer-data-warehouse-nfq-technologies
Applied Data Scientist and Software Developer (m/w/d),Plansee SE,"Gemeinde Reutte, Österreich",https://stackoverflow.com//jobs/557763/applied-data-scientist-and-software-developer-m-plansee-se
Machine Learning Engineer (m/f/d) - Industrial Data Science and Software,Smart Steel Technologies GmbH,"Berlin, Germany",https://stackoverflow.com//jobs/273378/machine-learning-engineer-m-f-d-industrial-smart-steel-technologies-gmbh
Business Intelligence and Data Science - Lead Software Engineer,Lumen,"Broomfield, CO",https://stackoverflow.com//jobs/557530/business-intelligence-and-data-science-lead-lumen
Lead Data Scientist,Tessian,"London, UK",https://stackoverflow.com//jobs/547937/lead-data-scientist-tessian
"Senior Backend Developer (m/f/d) - remote, fulltime, long-term",Data Virtuality GmbH,No office location,https://stackoverflow.com//jobs/555598/senior-backend-developer-m-f-d-remote-data-virtuality-gmbh
"Marketing Analytics, Data Scientist","JPMorgan Chase Bank, N.A.","Plano, TX",https://stackoverflow.com//jobs/561532/marketing-analytics-data-scientist-jpmorgan-chase-bank-na
Data Scientist,Skillhouse Staffing Solutions,"Tokyo, Japan",https://stackoverflow.com//jobs/556017/data-scientist-skillhouse-staffing-solutions
Senior Data Scientist,Tessian,"London, UK",https://stackoverflow.com//jobs/547935/senior-data-scientist-tessian
Data Scientist,"JPMorgan Chase Bank, N.A.","Jersey City, NJ",https://stackoverflow.com//jobs/560991/data-scientist-jpmorgan-chase-bank-na
Data Scientist,"JPMorgan Chase Bank, N.A.","London, UK",https://stackoverflow.com//jobs/557925/data-scientist-jpmorgan-chase-bank-na
Data Scientist - Corporate Technology,"JPMorgan Chase Bank, N.A.","Plano, TX",https://stackoverflow.com//jobs/561390/data-scientist-corporate-technology-jpmorgan-chase-bank-na
Senior Data Scientist,"JPMorgan Chase Bank, N.A.","London, UK",https://stackoverflow.com//jobs/557924/senior-data-scientist-jpmorgan-chase-bank-na
Senior Data Scientist (NLP),Parenthetic,"Washington, DC",https://stackoverflow.com//jobs/477596/senior-data-scientist-nlp-parenthetic
"Data Scientist Lead, Vice President - ML/AI Product Analytics","JPMorgan Chase Bank, N.A.","Columbus, OH",https://stackoverflow.com//jobs/559065/data-scientist-lead-vice-president-ml-ai-jpmorgan-chase-bank-na
Senior Data Scientist,"JPMorgan Chase Bank, N.A.","London, UK",https://stackoverflow.com//jobs/557924/senior-data-scientist-jpmorgan-chase-bank-na
Data Scientist,"JPMorgan Chase Bank, N.A.","Jersey City, NJ",https://stackoverflow.com//jobs/560991/data-scientist-jpmorgan-chase-bank-na
Senior Data Scientist (NLP),Parenthetic,"Washington, DC",https://stackoverflow.com//jobs/477596/senior-data-scientist-nlp-parenthetic
Data Engineer (f/m/d),VEACT GmbH,"München, Deutschland",https://stackoverflow.com//jobs/538334/data-engineer-f-m-d-veact-gmbh
CCB - Quantitative Modeler / Data Scientist - Marketing - VP,"JPMorgan Chase Bank, N.A.","Columbus, OH",https://stackoverflow.com//jobs/561199/ccb-quantitative-modeler-data-scientist-jpmorgan-chase-bank-na
Data Scientist,AutoTrader,"Toronto, ON, Canada",https://stackoverflow.com//jobs/529015/data-scientist-autotrader
Data Scientist,"JPMorgan Chase Bank, N.A.","London, UK",https://stackoverflow.com//jobs/557925/data-scientist-jpmorgan-chase-bank-na
Senior Data Scientist,StyleSeat,No office location,https://stackoverflow.com//jobs/561046/senior-data-scientist-styleseat
Data Scientist,Dedalus HealthCare Systems Group,"Gent, Belgium",https://stackoverflow.com//jobs/530642/data-scientist-dedalus-healthcare-systems
Gruppchef inom data science,Säkerhetspolisen,"Stockholm, Sweden",https://stackoverflow.com//jobs/558998/gruppchef-inom-data-science-s%C3%A4kerhetspolisen
Data Architect and Team Leader Data Warehouse & Data Science (m/f/d),Greentube Internet Entertainment Solutions GmbH,"Vienna, Austria",https://stackoverflow.com//jobs/545509/data-architect-and-team-leader-data-warehouse-greentube-internet
Lead Data Scientist,Just eat Takeaway.com,"Amsterdam, Netherlands",https://stackoverflow.com//jobs/560606/lead-data-scientist-just-eat-takeawaycom
Data Scientist (m/f/d),starmobile GmbH,"Fulda, Deutschland",https://stackoverflow.com//jobs/528484/data-scientist-m-f-d-starmobile-gmbh
"Data Scientist, Performance Media",Horizon Next,"New York, NY",https://stackoverflow.com//jobs/537934/data-scientist-performance-media-horizon-next
"VP, Data Scientist Lead - Card Strategic Insights","JPMorgan Chase Bank, N.A.","Wilmington, DE",https://stackoverflow.com//jobs/560015/vp-data-scientist-lead-card-strategic-insights-jpmorgan-chase-bank-na
"Data Warehouse Developer (Business Intelligence, Data Warehouse Team)",eMAG,"Bucharest, Romania",https://stackoverflow.com//jobs/552108/data-warehouse-developer-business-intelligence-emag
Senior Data Scientist - Data Foundation,Spotify,"New York, NY",https://stackoverflow.com//jobs/499628/senior-data-scientist-data-foundation-spotify
Data Scientist Lead - Consumer Bank Customer Analytics,"JPMorgan Chase Bank, N.A.","Columbus, OH",https://stackoverflow.com//jobs/560202/data-scientist-lead-consumer-bank-customer-jpmorgan-chase-bank-na
Produktägare inom data science,Säkerhetspolisen,"Stockholm, Sweden",https://stackoverflow.com//jobs/558999/produkt%C3%A4gare-inom-data-science-s%C3%A4kerhetspolisen
Data Analyst: (Hochschulabsolventen willkommen),Goldbach Group AG,"Küsnacht, Switzerland",https://stackoverflow.com//jobs/558742/data-analyst-hochschulabsolventen-willkommen-goldbach-group-ag
Team Lead Data Science (f/m/x),AUTO1,"Berlin, Germany",https://stackoverflow.com//jobs/552316/team-lead-data-science-f-m-x-auto1
Associate Data Scientist - JPMWM Sales Sciences,"JPMorgan Chase Bank, N.A.","Jersey City, NJ",https://stackoverflow.com//jobs/560807/associate-data-scientist-jpmwm-sales-sciences-jpmorgan-chase-bank-na
Senior Backend Developer (m/f/d) - remote.,Data Virtuality GmbH,No office location,https://stackoverflow.com//jobs/553595/senior-backend-developer-m-f-d-remote-data-virtuality-gmbh
Data Science and Analytics Engineer,MITRE,"McLean, VA",https://stackoverflow.com//jobs/523959/data-science-and-analytics-engineer-mitre
Python Software Engineer (Data Pipeline),Bloomreach,No office location,https://stackoverflow.com//jobs/524987/python-software-engineer-data-pipeline-bloomreach
Data Scientist,Hopper,No office location,https://stackoverflow.com//jobs/504258/data-scientist-hopper
Senior Data Scientist - Global Recommendations (f/m/d),Delivery Hero SE,"Berlin, Germany",https://stackoverflow.com//jobs/560695/senior-data-scientist-global-recommendations-f-delivery-hero-se
"Manager, Data Science - Quick Commerce (f/m/d)",Delivery Hero SE,"Berlin, Germany",https://stackoverflow.com//jobs/560825/manager-data-science-quick-commerce-f-m-d-delivery-hero-se
Data Scientist Associate - Card Strategic Insights,"JPMorgan Chase Bank, N.A.","Wilmington, DE",https://stackoverflow.com//jobs/559207/data-scientist-associate-card-strategic-insights-jpmorgan-chase-bank-na
"CCB Business Banking Client Analytics, Sr. Data Scientist - VP","JPMorgan Chase Bank, N.A.","Wilmington, DE",https://stackoverflow.com//jobs/561314/ccb-business-banking-client-analytics-sr-data-jpmorgan-chase-bank-na
Senior Data Analyst,komoot,No office location,https://stackoverflow.com//jobs/560716/senior-data-analyst-komoot
CCB - Data Scientist / Quant Modeling Lead - VP,"JPMorgan Chase Bank, N.A.","Jersey City, NJ",https://stackoverflow.com//jobs/559088/ccb-data-scientist-quant-modeling-lead-vp-jpmorgan-chase-bank-na
Team Lead Data Science (f/m/x),AUTO1,"Berlin, Germany",https://stackoverflow.com//jobs/552316/team-lead-data-science-f-m-x-auto1
Senior Backend Developer (m/f/d) - remote.,Data Virtuality GmbH,No office location,https://stackoverflow.com//jobs/553595/senior-backend-developer-m-f-d-remote-data-virtuality-gmbh
Data Engineer (f/m/d),VEACT GmbH,"München, Deutschland",https://stackoverflow.com//jobs/538334/data-engineer-f-m-d-veact-gmbh
Senior Software Engineer - Data Platform,GoodNotes,Hong Kong,https://stackoverflow.com//jobs/545556/senior-software-engineer-data-platform-goodnotes
Software Engineer - Data Visualization,"JPMorgan Chase Bank, N.A.","Plano, TX",https://stackoverflow.com//jobs/561142/software-engineer-data-visualization-jpmorgan-chase-bank-na
Data Science and Analytics Engineer,MITRE,"McLean, VA",https://stackoverflow.com//jobs/523959/data-science-and-analytics-engineer-mitre
CCB - Quantitative Modeler / Data Scientist - Marketing - VP,"JPMorgan Chase Bank, N.A.","Columbus, OH",https://stackoverflow.com//jobs/561199/ccb-quantitative-modeler-data-scientist-jpmorgan-chase-bank-na
Senior Data Scientist - Ranking and Personalisation (f/m/d),Delivery Hero SE,"Berlin, Germany",https://stackoverflow.com//jobs/560697/senior-data-scientist-ranking-and-delivery-hero-se
Senior Software Engineer - Data Lake,Mimecast,"London, UK",https://stackoverflow.com//jobs/558739/senior-software-engineer-data-lake-mimecast
Java / Big Data Software Engineer,"JPMorgan Chase Bank, N.A.","Jersey City, NJ",https://stackoverflow.com//jobs/560911/java-big-data-software-engineer-jpmorgan-chase-bank-na
Mid / Senior Data Scientist (f/m/x),AUTO1,"Berlin, Germany",https://stackoverflow.com//jobs/552317/mid-senior-data-scientist-f-m-x-auto1
Data Science Engineer / Architect (m/w/d),Generali AG,"Aachen, Deutschland",https://stackoverflow.com//jobs/559928/data-science-engineer-architect-m-w-d-generali-ag
(Senior) Data Scientist (m/w/d),"AIM
                        via
Computer Futures Solutions GmbH","Hanover, Germany",https://stackoverflow.com//jobs/530933/senior-data-scientist-m-w-d-aim
Data Scientist (m/f/d),starmobile GmbH,"Fulda, Deutschland",https://stackoverflow.com//jobs/528484/data-scientist-m-f-d-starmobile-gmbh
Lead Data Analyst,komoot,No office location,https://stackoverflow.com//jobs/560711/lead-data-analyst-komoot
Software Developer for Data Analysis Application,De Novo Software,"Pasadena, CA",https://stackoverflow.com//jobs/156139/software-developer-for-data-analysis-application-de-novo-software
Data Scientist (Associate or VP) - Applied AI for Global Technology Infrastructure -...,"JPMorgan Chase Bank, N.A.","London, UK",https://stackoverflow.com//jobs/558826/data-scientist-associate-or-vp-applied-ai-for-jpmorgan-chase-bank-na
